{
  "koi_score": {
    "mean": 0.3463605666184887,
    "std": 0.44487561324592756,
    "median": 0.5641788316354328,
    "min": -0.2172864326650225,
    "max": 0.7877386881467029
  },
  "koi_period": {
    "mean": 1.4953279083176971,
    "std": 3.5447813933869283,
    "median": 0.052567333072513815,
    "min": -0.25725633036493256,
    "max": 44.92057310379103
  },
  "koi_impact": {
    "mean": 0.15297086153671913,
    "std": 3.950844319574348,
    "median": -0.09192327207660525,
    "min": -0.7901785915240732,
    "max": 148.31100931706183
  },
  "koi_duration": {
    "mean": 0.40429475312264007,
    "std": 1.505242944508258,
    "median": -0.017195108490299114,
    "min": -0.9798608688168586,
    "max": 35.100693974910364
  },
  "koi_depth": {
    "mean": 11.027049059474201,
    "std": 47.80888414703334,
    "median": -0.035892797457599906,
    "min": -0.3101414199442338,
    "max": 1095.1343851339163
  },
  "koi_prad": {
    "mean": 6.206765481140078,
    "std": 201.235508570589,
    "median": -0.018288222384784197,
    "min": -0.17410387710314557,
    "max": 14655.708851499636
  },
  "koi_teq": {
    "mean": 0.15404009744606326,
    "std": 0.8995141549339416,
    "median": -0.05282112845138055,
    "min": -0.9159663865546218,
    "max": 14.800720288115246
  },
  "koi_max_sngle_ev": {
    "mean": 8.123274390209406,
    "std": 46.955364034519185,
    "median": -0.0342438769556106,
    "min": -0.27325529816821126,
    "max": 1676.3377616068185
  },
  "koi_max_mult_ev": {
    "mean": 12.096034125933755,
    "std": 64.89430340860646,
    "median": -0.037827473965266686,
    "min": -0.21762380801474498,
    "max": 2240.6399359722845
  },
  "koi_model_snr": {
    "mean": 2.46864142469832,
    "std": 9.9194686530861,
    "median": -0.045790230633113556,
    "min": -0.344165439990696,
    "max": 133.40325854047083
  },
  "koi_count": {
    "mean": 0.4859278325206324,
    "std": 0.9285661629146855,
    "median": 0,
    "min": 0,
    "max": 6
  },
  "koi_num_transits": {
    "mean": 0.5024417644947106,
    "std": 1.3233285083411994,
    "median": -0.02640635270516553,
    "min": -0.30919220055710306,
    "max": 7.111420612813371
  },
  "koi_bin_oedp_sig": {
    "mean": -0.031418590990515596,
    "std": 0.6781224344257339,
    "median": 0.021506513046680442,
    "min": -2.3214688585285557,
    "max": 0.899661809153633
  },
  "koi_steff": {
    "mean": -0.11975047320964488,
    "std": 0.9269911835641924,
    "median": -0.024954941249831775,
    "min": -3.9108040201005023,
    "max": 12.71608040201005
  },
  "koi_slogg": {
    "mean": -0.3570909993231561,
    "std": 1.2190448467871715,
    "median": -0.00202518835691011,
    "min": -13.428129383764796,
    "max": 2.5840961023318347
  },
  "koi_srad": {
    "mean": 1.1666542152196866,
    "std": 9.64713857298343,
    "median": 0,
    "min": -1.6973886961618565,
    "max": 343.7269709813495
  },
  "koi_smass": {
    "mean": 0.1475204432015683,
    "std": 1.232540582247394,
    "median": 0,
    "min": -3.873015396208814,
    "max": 10.948410767719547
  },
  "koi_kepmag": {
    "mean": -0.13136138889054738,
    "std": 0.7000266877061367,
    "median": 0.011954140354703439,
    "min": -3.9267155234800195,
    "max": 2.84927284803664
  },
  "koi_gmag": {
    "mean": -0.1094117750363176,
    "std": 0.7086385451328222,
    "median": 0.010780523863274431,
    "min": -3.6173627982719156,
    "max": 2.593114395168172
  },
  "koi_rmag": {
    "mean": -0.12874486717074043,
    "std": 0.7016714834221884,
    "median": 0.010824478168685675,
    "min": -3.844547169051017,
    "max": 2.8633266355607447
  },
  "koi_jmag": {
    "mean": -0.1317597996011982,
    "std": 0.7231567883919815,
    "median": 0.010989041295364339,
    "min": -4.529207308597741,
    "max": 2.3990743457761443
  },
  "koi_kmag": {
    "mean": -0.10968494044146208,
    "std": 0.7308149072878526,
    "median": 0.007147157722542827,
    "min": -4.773077032307902,
    "max": 2.5288851274594446
  },
  "koi_fwm_stat_sig": {
    "mean": 0.6342217014178853,
    "std": 0.9949014115331609,
    "median": 0.12231358342486999,
    "min": -0.08353221951293664,
    "max": 3.8902148992453194
  },
  "koi_dicco_msky": {
    "mean": 0.44506798439634165,
    "std": 1.2505319628295037,
    "median": -0.029963599746235636,
    "min": -0.3493222116082312,
    "max": 21.80917573397385
  },
  "koi_dikco_msky": {
    "mean": 0.4601453607320495,
    "std": 1.347591594323666,
    "median": -0.022296522404601504,
    "min": -0.35340020913870757,
    "max": 23.277592448164725
  }
}